{
    "bronze": [53.10316323556596, 76.93131903833658],
    "silver": [85.97127537602618, 133.84165375451926],
    "gold": [135.27344358671652, 219.20715582879325],
    "platinum": [201.00966786763698, 333.02782526115857]
}