{"0": [53.56962897123631, 89.51223189646748, 143.42613628431423, 215.31134213477657], "1": [64.31109423979645, 108.04624230925856, 173.64896441345172, 261.119260552376], "labels": ["BRONZE", "SILVER", "GOLD", "PLATINUM"]}