{
    "bronze": [62.273194603837865, 65.0261475818707],
    "silver": [106.91572174976378, 97.993654513184],
    "gold": [173.87951246865262, 147.44491491015393],
    "platinum": [263.16456676050444, 213.37992877278052]
}