{"platinum": {"": 161.04779411764707, "Mississippi": 226.4235781544256, "Oklahoma": 226.58942428201914, "Wyoming": 163.23491124260354, "Minnesota": 162.91923608775275, "Illinois": 229.89965670692942, "North Carolina": 341.5829571759259, "Arkansas": 229.19964856497364, "New Mexico": 160.5797351233672, "Indiana": 340.8016951345756, "Maryland": 342.4475372516556, "Louisiana": 227.9378859527121, "Texas": 225.60422464455732, "Arizona": 161.9643792932512, "Iowa": 162.13844043473674, "Michigan": 342.04923425366695, "Kansas": 228.63694779116466, "Utah": 160.55180080035572, "Virginia": 342.20014904716277, "Oregon": 161.150386224654, "Connecticut": 339.1598077063151, "Montana": 162.44719471947195, "California": 162.01491491491493, "Massachusetts": 340.3439784356725, "West Virginia": 342.38626185958253, "South Carolina": 342.7620514679232, "New Hampshire": 342.4288256227758, "Wisconsin": 162.5545157967033, "Vermont": 341.5672392124005, "Georgia": 229.95739457862655, "North Dakota": 162.30647724086364, "Pennsylvania": 340.9182350760104, "Florida": 231.63562758436709, "Hawaii": 160.89808056231414, "Kentucky": 340.0985602441614, "Alaska": 160.91549104720565, "Nebraska": 225.56993548387098, "Missouri": 226.51584775086505, "Ohio": 340.52824291645754, "Alabama": 230.50681416571857, "Rhode Island": 342.2939068100358, "South Dakota": 160.73926073926074, "Colorado": 162.59908125179442, "Idaho": 161.77083333333334, "New Jersey": 340.9430325034578, "Washington": 161.02299097550494, "New York": 340.8169105691057, "Tennessee": 224.2505654491096, "District of Columbia": 337.1522234891676, "Nevada": 161.32350258437214, "Delaware": 341.4593098958333, "Maine": 340.51900773195877}, "gold": {"": 109.00367647058823, "Mississippi": 151.70598870056497, "Oklahoma": 151.82107143809498, "Wyoming": 110.70788954635108, "Minnesota": 110.38733789288784, "Illinois": 153.90631913541006, "North Carolina": 224.70101273148148, "Arkansas": 153.47387945220763, "New Mexico": 108.83372641509433, "Indiana": 224.18575310559007, "Maryland": 225.1913286423841, "Louisiana": 152.66333796940194, "Texas": 151.17871410686803, "Arizona": 109.75023015367184, "Iowa": 109.88421089655658, "Michigan": 224.96834555651424, "Kansas": 153.09488621151272, "Utah": 108.7843485993775, "Virginia": 225.07313957202172, "Oregon": 109.25981654328935, "Connecticut": 223.1000801223687, "Montana": 110.11422808947562, "California": 109.81568711568711, "Massachusetts": 223.88052814327486, "West Virginia": 225.17244781783683, "South Carolina": 225.45094841126013, "New Hampshire": 225.29982206405694, "Wisconsin": 110.24527815934066, "Vermont": 224.68160871386678, "Georgia": 153.9600574174624, "North Dakota": 110.02346013646135, "Pennsylvania": 224.26334445680385, "Florida": 154.9968120581566, "Hawaii": 109.09380913760475, "Kentucky": 223.75779591295117, "Alaska": 109.0804395008139, "Nebraska": 151.17870967741936, "Missouri": 151.76553633217992, "Ohio": 223.97159739015376, "Alabama": 154.28876086272422, "Rhode Island": 225.07813620071684, "South Dakota": 108.93226773226773, "Colorado": 110.26304909560723, "Idaho": 109.56527777777778, "New Jersey": 224.28639349930845, "Washington": 109.15234207133649, "New York": 224.17312638580933, "Tennessee": 150.33297803197712, "District of Columbia": 221.9043329532497, "Nevada": 109.353298875038, "Delaware": 224.6337890625, "Maine": 224.00096649484536}, "silver": {"": 69.97058823529412, "Mississippi": 95.66779661016949, "Oklahoma": 95.74480680515187, "Wyoming": 71.31262327416174, "Minnesota": 70.98841424673917, "Illinois": 96.91131595677051, "North Carolina": 137.03955439814814, "Arkansas": 96.6795526176331, "New Mexico": 70.0242198838897, "Indiana": 136.72379658385094, "Maryland": 137.24917218543047, "Louisiana": 96.20742698191933, "Texas": 95.35958120360108, "Arizona": 70.58961829898732, "Iowa": 70.69353874292146, "Michigan": 137.15767903364969, "Kansas": 96.43834002677376, "Utah": 69.95875944864385, "Virginia": 137.2278824656659, "Oregon": 70.34188928226585, "Connecticut": 136.05528443440892, "Montana": 70.86450311697837, "California": 70.66626626626626, "Massachusetts": 136.5329404239766, "West Virginia": 137.2620872865275, "South Carolina": 137.46762111876285, "New Hampshire": 137.4530693950178, "Wisconsin": 71.01334993131869, "Vermont": 137.0173858399665, "Georgia": 96.96205454658927, "North Dakota": 70.81119730815963, "Pennsylvania": 136.77217649239896, "Florida": 97.51770041349873, "Hawaii": 70.24060556907273, "Kentucky": 136.50222266454352, "Alaska": 70.20415084102008, "Nebraska": 95.38529032258064, "Missouri": 95.7028027681661, "Ohio": 136.55411324542592, "Alabama": 97.12522088547844, "Rhode Island": 137.1663082437276, "South Dakota": 70.07702297702298, "Colorado": 71.01102497846684, "Idaho": 70.41111111111111, "New Jersey": 136.7939142461964, "Washington": 70.24935539321014, "New York": 136.69028824833703, "Tennessee": 94.89478746912778, "District of Columbia": 135.4684150513113, "Nevada": 70.3756460930374, "Delaware": 137.0146484375, "Maine": 136.61243556701032}, "bronze": {"": 43.9485294117647, "Mississippi": 58.30900188323917, "Oklahoma": 58.36063038318978, "Wyoming": 45.04911242603551, "Minnesota": 44.72246514930672, "Illinois": 58.914647171010806, "North Carolina": 78.59858217592593, "Arkansas": 58.816668061250105, "New Mexico": 44.151215529753266, "Indiana": 78.41582556935818, "Maryland": 78.6210678807947, "Louisiana": 58.570152990264255, "Texas": 58.146825934756436, "Arizona": 44.48254372919765, "Iowa": 44.566423973831384, "Michigan": 78.61723468507334, "Kansas": 58.667309236947794, "Utah": 44.07503334815473, "Virginia": 78.66437772809539, "Oregon": 44.39660444158352, "Connecticut": 78.02542064243572, "Montana": 44.698019801980195, "California": 44.56665236665237, "Massachusetts": 78.30121527777777, "West Virginia": 78.65518026565465, "South Carolina": 78.81206959043132, "New Hampshire": 78.88856761565836, "Wisconsin": 44.858731112637365, "Vermont": 78.57457059069962, "Georgia": 58.963385966007195, "North Dakota": 44.669688755958504, "Pennsylvania": 78.44473118279569, "Florida": 59.19829265039349, "Hawaii": 44.338469856718035, "Kentucky": 78.33184049893843, "Alaska": 44.2866250678242, "Nebraska": 58.18967741935484, "Missouri": 58.32764705882353, "Ohio": 78.27579048227403, "Alabama": 59.01619423398127, "Rhode Island": 78.5584229390681, "South Dakota": 44.17352647352647, "Colorado": 44.84300890037324, "Idaho": 44.30833333333333, "New Jersey": 78.46559474412172, "Washington": 44.314030941125914, "New York": 78.36839615668885, "Tennessee": 57.93599376056155, "District of Columbia": 77.84446978335234, "Nevada": 44.390544238370325, "Delaware": 78.60188802083333, "Maine": 78.3534149484536}}