{"": 27.20817843866171, "Mississippi": 41.79932203389831, "Oklahoma": 41.795978773899364, "Wyoming": 27.611439842209073, "Minnesota": 27.630750831558096, "Illinois": 42.42929434202161, "North Carolina": 69.19548611111111, "Arkansas": 42.35782221850333, "New Mexico": 27.087264150943398, "Indiana": 68.91139363354037, "Maryland": 69.46993998344371, "Louisiana": 42.00620305980529, "Texas": 41.54769669954628, "Arizona": 27.42468663692373, "Iowa": 27.43688227638845, "Michigan": 69.33647001725626, "Kansas": 42.199089692101744, "Utah": 27.106269453090263, "Virginia": 69.36615032470989, "Oregon": 27.187882201480527, "Connecticut": 68.59115740403526, "Montana": 27.506692335900258, "California": 27.396067496067495, "Massachusetts": 68.81204312865498, "West Virginia": 69.43685009487666, "South Carolina": 69.50368490999155, "New Hampshire": 69.30771797153025, "Wisconsin": 27.457417582417584, "Vermont": 69.15731043150397, "Georgia": 42.45954773346647, "North Dakota": 27.458921394522854, "Pennsylvania": 69.0013199851687, "Florida": 42.878484727224226, "Hawaii": 27.133279264666125, "Kentucky": 68.82331475583864, "Alaska": 27.13062940857298, "Nebraska": 41.53541935483871, "Missouri": 41.73968858131488, "Ohio": 68.92394032029931, "Alabama": 42.63191401805815, "Rhode Island": 69.35304659498208, "South Dakota": 27.13936063936064, "Colorado": 27.48975021533161, "Idaho": 27.422685185185184, "New Jersey": 68.99260892116183, "Washington": 27.15814353244521, "New York": 68.97129342202513, "Tennessee": 41.264994150526455, "District of Columbia": 68.10376282782212, "Nevada": 27.227272727272727, "Delaware": 69.166015625, "Maine": 68.83692010309278}